{
    "requireCurlyBraces": ["if", "else", "for", "while", "do", "try", "catch"],
    "requireSpaceAfterKeywords": ["if", "else", "for", "while", "do", "switch", "return", "try", "catch"],
    "disallowLeftStickedOperators": ["?", "+", "-", "/", "*", "=", "==", "===", "!=", "!==", ">", ">=", "<", "<="],
    "disallowRightStickedOperators": ["?", "+", "/", "*", ":", "=", "==", "===", "!=", "!==", ">", ">=", "<", "<="],
    "requireRightStickedOperators": ["!"],
    "requireLeftStickedOperators": [","],
    "disallowImplicitTypeConversion": ["string"],
    "disallowKeywords": ["with"],
    "disallowMultipleLineBreaks": true,
    "disallowKeywordsOnNewLine": ["else"],
    "disallowTrailingWhitespace": true,
    "requireLineFeedAtFileEnd": true,
    "excludeFiles": ["test/data/*.js"],
    "validateJSDoc": {
        "checkParamNames": true,
        "requireParamTypes": true
    }
}
